490808,2018-05-19,203.192.212.151,Wordpress,India,In2cable (India) Ltd.
490807,2018-05-19,42.61.139.24,Wordpress,Singapore,SingNet Pte Ltd
490806,2018-05-19,178.69.205.103,Wordpress,Russian Federation,OJSC Rostelecom
490805,2018-05-19,94.240.214.200,Wordpress,Georgia,Caucasus Online LLC
490804,2018-05-19,50.233.168.34,SSH,United States,Comcast Cable
490803,2018-05-19,188.119.9.227,Wordpress,Turkey,TurkNet-DSL
490802,2018-05-19,186.56.201.167,Wordpress,Argentina,Telefonica de Argentina
490801,2018-05-19,181.171.45.175,Wordpress,Argentina,
490800,2018-05-19,47.30.48.52,Wordpress,Canada,Nortel Networks
490799,2018-05-19,190.102.251.74,Wordpress,Chile,Pacifico Cable S.A.
490798,2018-05-19,115.134.119.242,Wordpress,Malaysia,Telekom Malaysia Berhad
490797,2018-05-19,182.186.182.123,Wordpress,Pakistan,PTCL
490796,2018-05-19,190.236.81.60,Wordpress,Peru,Telefonica del Peru
490795,2018-05-19,89.211.253.9,Wordpress,Qatar,Qtel
490794,2018-05-19,119.29.76.117,SSH,China,Beijing SHUXUNDA Communicate Technology
490793,2018-05-19,156.205.89.63,Wordpress,n/a,
490792,2018-05-19,195.64.208.238,Wordpress,Russian Federation,Oreolcombank
490791,2018-05-19,182.18.200.138,Wordpress,Philippines,SkyBroadband
490790,2018-05-19,106.210.35.163,Wordpress,India,Bharti Airtel Limited
490789,2018-05-19,118.101.141.241,Wordpress,Malaysia,Telekom Malaysia Berhad
490788,2018-05-19,95.76.136.168,Wordpress,Romania,UPC Romania BUCURESTI
490787,2018-05-19,94.122.184.105,Wordpress,Turkey,Dogan Iletisim Elektronik Servis Hizmetleri ve Yay
490786,2018-05-19,190.51.4.64,Wordpress,Argentina,Telefonica de Argentina
490785,2018-05-19,91.93.96.152,Wordpress,Turkey,Global Iletisim Hizmetleri A.S.
490784,2018-05-19,197.200.224.216,Wordpress,Algeria,Telecom Algeria
490783,2018-05-19,46.37.82.238,Wordpress,Spain,Customers Procono
490782,2018-05-19,185.234.217.210,Wordpress,n/a,
490781,2018-05-19,103.211.54.33,Wordpress,n/a,
490780,2018-05-19,119.160.98.85,Wordpress,Pakistan,Mobilink is working to implement MPLS based
490779,2018-05-19,86.120.179.24,Wordpress,Romania,RCS & RDS S.A.
490778,2018-05-19,187.181.80.47,Wordpress,Brazil,
490777,2018-05-19,197.207.222.248,Wordpress,Algeria,Telecom Algeria
490776,2018-05-19,110.227.181.240,Wordpress,India,BCL EAST
490775,2018-05-19,58.65.223.75,Wordpress,Pakistan,CYBER INTERNET SERVICES (PVT.) LTD.
490774,2018-05-19,39.33.211.14,Wordpress,Pakistan,Pakistan Telecommuication company limited
490773,2018-05-19,45.118.62.152,Wordpress,n/a,
490772,2018-05-19,201.193.170.14,Wordpress,Costa Rica,Instituto Costarricense de Electricidad y Telecom.
490771,2018-05-19,186.213.5.181,Wordpress,Brazil,Global Village Telecom
490770,2018-05-19,85.49.19.136,Wordpress,Spain,Uni2
490769,2018-05-19,187.189.136.211,Wordpress,Mexico,
490768,2018-05-19,181.14.224.75,Wordpress,Argentina,Telecom Argentina S.A.
490767,2018-05-19,45.251.33.95,Wordpress,n/a,
490766,2018-05-19,111.11.121.58,SSH,China,China Mobile Communications Corporation
490765,2018-05-19,93.105.176.12,Wordpress,Poland,Broadband sers of VECTRA S.A.
490764,2018-05-19,70.50.118.118,Wordpress,Canada,Bell Canada
490763,2018-05-19,41.248.198.22,Wordpress,Morocco,Maroc Telecom
490762,2018-05-19,186.185.153.63,Wordpress,Venezuela,Telcel. C.A
490761,2018-05-19,190.178.127.88,Wordpress,Argentina,Telefonica de Argentina
490760,2018-05-19,89.123.181.245,Wordpress,Romania,Romtelecom Data Network
490759,2018-05-19,95.133.238.152,Wordpress,Ukraine,JSC Ukrtelecom
490815,2018-05-19,65.182.231.70,SSH,United States,Canby Telcom
490814,2018-05-19,92.99.80.148,Wordpress,United Arab Emirates,Emirates Telecommunications Corporation
490813,2018-05-19,49.144.196.167,Wordpress,Philippines,Philippine Long Distance Telephone
490812,2018-05-19,183.83.82.158,Wordpress,India,Beam Telecom Pvt Ltd
490811,2018-05-19,185.234.217.226,Wordpress,n/a,
490810,2018-05-19,83.52.3.12,Wordpress,Spain,Telefonica de Espana
490809,2018-05-19,188.146.170.90,Wordpress,Poland,blueconnect
490817,2018-05-19,81.247.228.204,Wordpress,Belgium,Belgacom Skynet
490816,2018-05-19,186.213.204.53,Wordpress,Brazil,Global Village Telecom
